<?xml version="1.0" encoding="UTF-8" standalone="yes"?>  
<relationshipPanelDisplay>
  
<relationshipDtl>
<relationshipType>1</relationshipType>
<displayGuranteeToPay>true</displayGuranteeToPay>
<displayPartners>false</displayPartners>
<displayAgents>true</displayAgents>
</relationshipDtl>  

<relationshipDtl>
<relationshipType>2</relationshipType>
<displayGuranteeToPay>true</displayGuranteeToPay>
<displayPartners>false</displayPartners>
<displayAgents>true</displayAgents>
</relationshipDtl>

</relationshipPanelDisplay>