{
   "userExitItems":{
      "CE_IB_EarlyAssetPayoff":[
         {
            "userexitjs":"getScreenPageTitle",
            "type":"load",
            "moduleName":"app/",
            "path":"demo/"
         }
      ],
      "CE_IB_TechnicalAnalysis":[
         {
            "userexitjs":"viewModeofTechAnalysis",
            "type":"load",
            "moduleName":"app/",
            "path":"demo/"
         }
      ],
      "IB_IDI_CaptureDealAssets-AssetThirdPartyList:assetThirdPartyDtls:thirdPtyBasicDtls:thirdpartyDetailsId":[
         {
            "userexitjs":"ADFAsset",
            "type":"onBlur",
            "moduleName":"app/",
            "path":"demo/"
         }
      ],
      "IB_IDI_CaptureDealAssets-Next":[
         {
            "userexitjs":"ADFAssetNext",
            "type":"onClick",
            "moduleName":"app/",
            "path":"demo/"
         }
      ],
      "IB_IBF_RschdlDealApprovalInput1-Next":[
         {
            "userexitjs":"ADFSadad",
            "type":"onClick",
            "moduleName":"app/",
            "path":"demo/"
         }
      ],
      "IB_IDI_AdditionalFieldsDetails":[
         {
            "userexitjs":"getPastDueAmtByDeal",
            "type":"load",
            "moduleName":"app/",
            "path":"demo/"
         }
      ],
      "IB_IDI_AdditionalFieldsDetails-UDF_ADF00003916_IB_DLI_DEALDETAILS":[
         {
            "userexitjs":"validateDateOfApproval",
            "type":"onChange",
            "moduleName":"app/",
            "path":"demo/"
         }
      ],
      "IB_IDI_AdditionalFieldsDetails-UDF_ADF00003917_IB_DLI_DEALDETAILS":[
         {
            "userexitjs":"validateDateOfApproval",
            "type":"onChange",
            "moduleName":"app/",
            "path":"demo/"
         }
      ],
      "IB_IDI_AdditionalFieldsDetails-UDF_ADF00003918_IB_DLI_DEALDETAILS":[
         {
            "userexitjs":"validateDateOfStartStop",
            "type":"onBlur",
            "moduleName":"app/",
            "path":"demo/"
         }
      ],
      "IB_IDI_CaptureFinInfo-UDF_ADF00000906_IB_DLI_DEALADITIONALDTLS":[
         {
            "userexitjs":"getProfitRateAndProfitAmount",
            "type":"onChange",
            "moduleName":"app/",
            "path":"demo/"
         }
      ],
      "IB_IDI_CaptureFinInfo-UDF_ADF00000911_IB_DLI_DEALADITIONALDTLS":[
         {
            "userexitjs":"getProfitRateAndProfitAmount",
            "type":"onBlur",
            "moduleName":"app/",
            "path":"demo/"
         }
      ],
      "IB_IDI_CaptureFinInfo-Next":[
         {
            "userexitjs":"generateScheduleWithMultipleContracts",
            "type":"onClick",
            "moduleName":"app/",
            "path":"demo/"
         }
      ],
      "IB_IDI_ThirdPartyPaymentsSchedules-scheduleList:paymentScheduleThirdPartyDetails:thirdPartyPaymentsDtls:deductionDeliveryDate":[
         {
            "userexitjs":"validateDisbursementPeriod",
            "type":"onBlur",
            "moduleName":"app/",
            "path":"demo/"
         }
      ],
      "IB_IDI_CaptureFinInfo":[
         {
            "userexitjs":"resetAmountScaling",
            "type":"load",
            "moduleName":"app/",
            "path":"demo/"
         }
      ],
      "CE_IB_EarlyAssetPayoff-earlyAssetPayoffDtls:earlyAssetPayoffCollDtls:reverseSubsidyPaid":[
         {
            "userexitjs":"getPaymentAmountOnSubsidyReverse",
            "type":"onChange",
            "moduleName":"app/",
            "path":"demo/"
         }
      ],
      "CE_IB_DealFollowUp-disableFollowUpDtlTags":[
         {
            "userexitjs":"disableFollowUpFieldsOnNewRow",
            "type":"onChange",
            "moduleName":"app/",
            "path":"demo/"
         }
      ],
      "IB_IDI_RequestPostponeInstallment-Next":[
         {
            "userexitjs":"subsidyHandling",
            "type":"onClick",
            "moduleName":"app/",
            "path":"demo/"
         }
      ],
      "IB_IDI_CaptureDealAssets-isDisbursedStatus":[
         {
            "userexitjs":"disableAssetonDisbursedStatus",
            "type":"onChange",
            "moduleName":"app/",
            "path":"demo/"
         }
      ],
      "PT_PAM_AmendEnterpriseDetails":[
         {
            "userexitjs":"czadf_freezeParty",
            "type":"load",
            "moduleName":"app/",
            "path":"demo/"
         }
      ],
      "PT_PAM_AmendEnterpriseDetails-UDF_FREEZESTATUS_PT_PFN_PARTYHOSTEXTN":[
         {
            "userexitjs":"czadf_freezeParty",
            "type":"onChange",
            "moduleName":"app/",
            "path":"demo/"
         }
      ],
      "PT_PAM_CreatePersonalParty":[
         {
            "userexitjs":"czadf_freezeParty",
            "type":"load",
            "moduleName":"app/",
            "path":"demo/"
         }
      ],
      "PT_PAM_CreatePersonalParty-UDF_FREEZESTATUS_PT_PFN_PARTYHOSTEXTN":[
         {
            "userexitjs":"czadf_freezeParty",
            "type":"onChange",
            "moduleName":"app/",
            "path":"demo/"
         }
      ],
      "PT_PAM_AmendPersonalParty-UDF_FREEZESTATUS_PT_PFN_PARTYHOSTEXTN":[
         {
            "userexitjs":"czadf_freezeParty",
            "type":"onChange",
            "moduleName":"app/",
            "path":"demo/"
         }
      ],
      "PT_PAM_CreateQuickEnterpriseParty":[
         {
            "userexitjs":"czadf_freezeParty",
            "type":"load",
            "moduleName":"app/",
            "path":"demo/"
         }
      ],
      "PT_PAM_CreateQuickEnterpriseParty-UDF_FREEZESTATUS_PT_PFN_PARTYHOSTEXTN":[
         {
            "userexitjs":"czadf_freezeParty",
            "type":"onChange",
            "moduleName":"app/",
            "path":"demo/"
         }
      ],
      "IB_IBF_RschdlDealApprovalInput1":[
         {
            "userexitjs":"validateAdjustmentFees",
            "type":"load",
            "moduleName":"app/",
            "path":"demo/"
         }
      ],
      "IB_IBF_RschdlDealApprovalInput1-feeStepLevel":[
         {
            "userexitjs":"validateAdjustmentFees",
            "type":"onChange",
            "moduleName":"app/",
            "path":"demo/"
         }
      ],
      "IB_CMN_Submit":[
		{
			"userexitjs":"categoryChange",
			"type":"load",
			"moduleName":"app/",
			"path":"demo/"
		}
		],
	  "CE_IB_DealRelationshipDetails": [
		{
			"userexitjs": "removePanelsOnLoadForDealRelationship",
			"type": "load",
			"moduleName": "app/",
			"path": "demo/"
		}
	   ],
	  "CE_IB_DealCustomerInfo": [
		{
			"userexitjs": "viewModeofDealCustomerInfo",
			"type": "load",
			"moduleName": "app/",
			"path": "demo/"
		}
	   ],
	  "CE_IB_DealCustomerInfo-afterPartyTrigger": [
		{
			"userexitjs": "viewModeofDealCustomerInfo",
			"type": "onChange",
			"moduleName": "app/",
			"path": "demo/"
		}
	   ],
	   "CE_IB_DealRelationshipDetails-dealRelationshipDetails:relationshipDtls:pledgeType": [
		{
			"userexitjs": "mandateFieldsOfDealRelationshipDtls",
			"type": "onChange",
			"moduleName": "app/",
			"path": "demo/"
		}
	   ],
	   "CE_IB_DealRelationshipDetails-callMfToDisableButtons": [
		{
			"userexitjs": "callMfToDisableButtonsForDealRelationship",
			"type": "onChange",
			"moduleName": "app/",
			"path": "demo/"
		}
	   ]
	    ,
	   "CE_IB_CreateCollateral": [
		{
			"userexitjs": "collateralOnLoadChanges",
			"type": "load",
			"moduleName": "app/",
			"path": "demo/"
		}
	   ],
	   "CE_IB_RequestEvaluation-collateralRequestDetailsList:collateralRequestDetailsList:requestType": [
		{
			"userexitjs": "requestTypeRequestEvaluation",
			"type": "onChange",
			"moduleName": "app/",
			"path": "demo/"
		}
	   ],
	   "CE_IB_RequestEvaluation-collateralRequestDetailsList:collateralRequestDetailsList:categoryType": [
		{
			"userexitjs": "categoryTypeRequestEvaluation",
			"type": "onChange",
			"moduleName": "app/",
			"path": "demo/"
		}
	   ],
	   "CE_IB_RequestEvaluation": [
		{
			"userexitjs": "disableOnLoadForRequestEvaluation",
			"type": "load",
			"moduleName": "app/", 
			"path": "demo/"
		}
		],
		"IB_IDI_CaptureFinInfo-UDF_ADF00000908_IB_DLI_DEALADITIONALDTLS": [
		{
			"userexitjs":"getProfitRateAndProfitAmount",
			"type":"onChange",
			"moduleName":"app/",
			"path":"demo/"
		}
	   ],
		"IB_IDI_CaptureFinInfo-UDF_ADF00003615_IB_DLI_DEALADITIONALDTLS": [
		{
			"userexitjs":"getProfitRateAndProfitAmount",
			"type":"onChange",
			"moduleName":"app/",
			"path":"demo/"
		}
	   ],
	   "CE_IB_RequestEvaluation-userExitHandling": [
		{
			"userexitjs": "disableOnLoadForRequestEvaluation",
			"type": "onChange",
			"moduleName": "app/",
			"path": "demo/"
		}
	   ],
	   "CE_IB_RequestEvaluation-titleDeedDetailsResidential:titleDeedDetailsList:residentialDetails:isBuilding": [
		{
			"userexitjs": "disableIsBuildingRequestEvaluation",
			"type": "onChange",
			"moduleName": "app/",
			"path": "demo/"
		}
	   ],
	   "CE_IB_DealReschedule-populateScalars": [
		{
			"userexitjs": "gridScroll",
			"type": "onChange",
			"moduleName": "app/",
			"path": "demo/"
		}
	   ],
	   "CE_IB_RefundRescheduleProfit": [
		{
            "userexitjs":"getScreenPageTitle",
            "type":"load",
            "moduleName":"app/",
            "path":"demo/"
         }
	   ],
	   "CE_IB_TransferOfDebts": [
		{
            "userexitjs":"getScreenPageTitle",
            "type":"load",
            "moduleName":"app/",
            "path":"demo/"
         }
	   ],
	   "CE_IB_DealReschedule-displayNewScheduleJS": [
		{
			"userexitjs": "displayNewScheduleBasedOnEditMode",
			"type": "onChange",
			"moduleName": "app/",
			"path": "demo/"
		}
	   ],
	   "CE_IB_AssetAndStudy": [
		{
			"userexitjs": "disableOnLoadAssetAndStudyBB",
			"type": "load",
			"moduleName": "app/", 
			"path": "demo/"
		}
		],
		"CE_IB_IssuePayOrder": [
		{
			"userexitjs": "disableOnLoadIssuePayOrder",
			"type": "load",
			"moduleName": "app/", 
			"path": "demo/"
		}
		],
	    "CE_IB_PricingListConfig-pricingList:pricingListAssetDtls:extensionIndicator": [
	      {
	        "userexitjs": "disableEnableAddExtPanel",
	        "type": "onChange",
	        "moduleName": "app/",
	        "path": "demo/"
	      }
	    ],
		"CE_IB_TitleDeedsToDeals": [
		{
			"userexitjs": "disableOnLoadLinkTitleDeed",
			"type": "load",
			"moduleName": "app/", 
			"path": "demo/"
		}
		],
		"PT_PAM_AddEnterpriseDetails":[
		 {
			"userexitjs":"czadf_freezeParty",
			"type":"load",
			"moduleName":"app/",
			"path":"demo/"
		 }
		],
		"PT_PAM_AddEnterpriseDetails-UDF_FREEZESTATUS_PT_PFN_PARTYHOSTEXTN":[
		 {
			"userexitjs":"czadf_freezeParty",
			"type":"onChange",
			"moduleName":"app/",
			"path":"demo/"
		 }
		]
	}
}