<?xml version="1.0" encoding="UTF-8"?>

<beans xmlns="http://www.springframework.org/schema/beans" xmlns:xsi="http://www.w3.org/2001/XMLSchema-instance" xmlns:mvc="http://www.springframework.org/schema/mvc"
	xmlns:context="http://www.springframework.org/schema/context"
	xsi:schemaLocation="
        http://www.springframework.org/schema/mvc http://www.springframework.org/schema/mvc/spring-mvc-3.0.xsd
        http://www.springframework.org/schema/beans http://www.springframework.org/schema/beans/spring-beans-3.0.xsd
        http://www.springframework.org/schema/context http://www.springframework.org/schema/context/spring-context-3.0.xsd">

    <!-- Please follow this format for creating more beans -->
	<!-- bean id corresponds to Building BLock ID -->	
	<!-- the class which is referred by each of the beans must extend "com.misys.ib.buildingBlock.AbstractIslamicBuildingBlock" class -->	
    <!-- example -->
	<!-- <bean id="BASICINFO" class="com.misys.ib.buildingBlock.BasicInfoBuildingBlock" scope="prototype" />	 -->
	<bean id="EARLYASSETPAYOFFH" class="com.ce.ib.buildingblock.EarlyAssetPayoffBuildingBlock" scope="prototype" />
	<bean id="TECHNICALANALYSISH" class="com.ce.ib.buildingblock.TechnicalAnalysisBuildingBlock" scope="prototype" />
	<bean id="DEALFOLLOWUP" class="com.ce.ib.buildingblock.DealFollowUpProcessBuildingBlock" scope="prototype" />
	<bean id="ISSUEPAYMNTORDERH" class="com.ce.ib.buildingblock.IssuePayOrderBuildingBlock" scope="prototype" />
	<bean id="RECALLREQUEST" class="com.ce.ib.buildingblock.RecallProcessBuildingBlock" scope="prototype" />
	
	<bean id="VALIDATEPARTYFREEZE" class="com.ce.ib.buildingblock.ValidatePartyFreezeBuildingBlock" scope="prototype" />
	
	<bean id="ADFCUSTOMERINFO" class="com.ce.ib.buildingblock.DealCustomerInfoBuildingBlock" scope="prototype" />
	<bean id="RELATIONSHIPINFO" class="com.ce.ib.buildingblock.DealRelationShipInfoBuildingBlock" scope="prototype" />
	<bean id="SADADPAYMENT" class="com.ce.ib.buildingblock.SadadPaymentsBuildingBlock" scope="prototype" />
	<bean id="TITLEDEED" class="com.ce.ib.buildingblock.TitleDeedDealBuildingBlock" scope="prototype" />
	<bean id="ASSETANDSTUDYINFO" class="com.ce.ib.buildingblock.AssetAndStudyInfoBuildingBlock" scope="prototype" />
	<bean id="ASSETPROGRESSING" class="com.ce.ib.buildingblock.AssetProgressingBuildingBlock" scope="prototype" />
	<bean id="CREATECOLLATERALH" class="com.ce.ib.buildingblock.CreateCollateralHBuildingBlock" scope="prototype" />
	<bean id="REQUESTEVALUATIONH" class="com.ce.ib.buildingblock.RequestEvaluationHBuildingBlock" scope="prototype" />
	
	<bean id="REFUNDFEES" class="com.ce.ib.buildingblock.RefundFeesBuildingBlock" scope="prototype" />
	<bean id="EXECUTEREFUNDFEES" class="com.ce.ib.buildingblock.ExecuteRefundFeesBuildingBlock" scope="prototype" />
	<bean id="ADFRESCHEDULEREQ" class="com.ce.ib.buildingblock.DealRescheduleBuildingBlock" scope="prototype" />
	
	<bean id="VALIDATIONEXCEPTIONS" class="com.ce.ib.buildingblock.DealValidationExcepInfoBB" scope="prototype" />
	<bean id="VALIDATIONEXCPAPRV" class="com.ce.ib.buildingblock.DealValidationExcepApprvlBB" scope="prototype" />
	<bean id="REFUNDRESCHFEEH" class="com.ce.ib.buildingblock.RefundRescheduleFeeBuildingBlock" scope="prototype" />
	<bean id="TRANSFEROFDEBTH" class="com.ce.ib.buildingblock.TransferOfDebtsBuildingBlock" scope="prototype" />
	<bean id="TRANSFERBANK" class="com.ce.ib.buildingblock.TransferToBankBuildingBlock" scope="prototype" />
</beans>
